frame_id,timestamp_ms,nose_x,nose_y,nose_conf,left_eye_x,left_eye_y,left_eye_conf,right_eye_x,right_eye_y,right_eye_conf,left_ear_x,left_ear_y,left_ear_conf,right_ear_x,right_ear_y,right_ear_conf,left_shoulder_x,left_shoulder_y,left_shoulder_conf,right_shoulder_x,right_shoulder_y,right_shoulder_conf,left_elbow_x,left_elbow_y,left_elbow_conf,right_elbow_x,right_elbow_y,right_elbow_conf,left_wrist_x,left_wrist_y,left_wrist_conf,right_wrist_x,right_wrist_y,right_wrist_conf,left_hip_x,left_hip_y,left_hip_conf,right_hip_x,right_hip_y,right_hip_conf,left_knee_x,left_knee_y,left_knee_conf,right_knee_x,right_knee_y,right_knee_conf,left_ankle_x,left_ankle_y,left_ankle_conf,right_ankle_x,right_ankle_y,right_ankle_conf,acc_x,acc_y,acc_z,acc_mag
0,0.0,573.1978,83.93846,0.9450138,577.9711,79.173065,0.9546208,572.3662,80.70422,0.6192292,592.08606,79.31251,0.94517213,577.00214,81.78294,0.19434023,600.9899,99.73448,0.9977343,581.0194,100.19188,0.9652892,589.44165,131.36264,0.9948978,568.3271,126.56348,0.799903,554.88086,138.99617,0.9869446,550.3847,138.08194,0.7895732,587.3455,150.65924,0.9965429,573.972,146.44873,0.9860547,540.2228,160.73013,0.99169254,526.1537,155.89075,0.9655376,550.2093,209.5469,0.9624268,537.15186,200.56372,0.91298395,1.00560538,-0.87842809,0.42152757,0.24883883
1,33.333333333333336,573.0314,84.62746,0.9434785,577.69714,79.810524,0.9531089,572.2101,81.35742,0.61297643,591.7144,79.5097,0.9440182,576.97766,82.02406,0.19392702,600.71,99.46538,0.9977004,581.1462,99.902405,0.9654139,589.1804,131.03221,0.99488235,568.4803,126.30684,0.80349576,555.09546,138.73492,0.9869098,550.49097,137.98059,0.79255056,587.2982,150.62187,0.9966028,574.1916,146.39713,0.98642796,540.19775,161.00647,0.9918184,526.39484,156.02162,0.96638894,549.9859,209.88846,0.9629558,536.9423,200.61374,0.9147195,1.01016289,-0.88825391,0.4146495,0.24392592
2,66.66666666666667,572.92285,84.8909,0.94224274,577.5521,80.07289,0.9520923,572.12616,81.57643,0.60756034,591.53357,79.64196,0.94309413,576.9773,82.05829,0.19210306,600.4812,99.44288,0.9976326,581.3147,99.76526,0.96480453,588.793,131.04459,0.9947765,568.59314,126.27492,0.802468,555.0907,138.5122,0.9867273,550.50085,137.832,0.79225814,587.50275,150.55106,0.996503,574.6658,146.29742,0.98611915,540.25586,160.92833,0.9916088,526.81104,155.91621,0.9657448,549.6341,210.00246,0.9620592,536.9114,200.72995,0.9130815,0.98092228,-0.84035305,0.41710596,0.28642258
3,100.0,572.3586,85.43168,0.94252646,576.9094,80.48656,0.9528016,571.45605,82.051285,0.60583097,590.8165,79.52371,0.94430864,576.3518,82.090385,0.19130547,599.9704,99.005875,0.99768126,581.3028,99.50103,0.9649236,588.41785,130.93758,0.994902,568.83417,126.365326,0.80234593,554.69885,138.33002,0.986967,550.1171,137.88272,0.79267603,587.96875,150.78757,0.99657744,575.47034,146.62898,0.986323,540.2293,160.89532,0.9918275,527.1499,156.10368,0.96638274,549.44745,210.05453,0.9630747,536.91986,201.0124,0.91495836,0.95465353,-0.82143835,0.39598045,0.28249226
4,133.33333333333334,571.7707,85.75545,0.9402635,576.1944,80.7791,0.9506862,570.89166,82.38656,0.59277314,590.04584,79.56493,0.94355863,576.0215,82.24008,0.18743174,599.7263,98.83748,0.9976841,581.27075,99.3815,0.96551615,588.1554,130.89362,0.99499536,568.6378,126.309784,0.80843806,554.0471,137.98737,0.98724556,549.4131,137.60794,0.7989699,588.56464,151.06871,0.99671197,576.24207,146.88837,0.98700094,540.2081,160.6571,0.9921955,527.43805,155.75137,0.9681791,549.2555,209.92326,0.9646997,537.12494,200.68857,0.91913253,1.04026888,-0.90004489,0.46132214,0.24343463
5,166.66666666666666,571.05493,85.78761,0.937744,575.2804,80.800255,0.947642,570.09216,82.51999,0.58376926,588.7267,79.48694,0.9413415,575.1868,82.44165,0.18763621,598.9005,98.485985,0.9976325,580.5209,99.330894,0.96608067,587.825,130.44557,0.9950187,567.51904,126.03595,0.8162249,552.9442,137.93051,0.9873656,547.55493,137.01984,0.8067509,588.53485,150.94914,0.9967198,576.2936,146.916,0.9872957,540.0555,160.36212,0.99204355,527.53973,155.6937,0.96816117,549.14325,209.95659,0.9635363,537.12366,200.86215,0.9175016,1.05743129,-0.9076599,0.48809749,0.2368022
6,200.0,570.1754,85.51276,0.9336155,574.36664,80.6673,0.9413106,569.2136,82.36949,0.5758025,587.7156,79.69851,0.9344399,574.0919,82.631516,0.18848583,597.99457,98.602,0.9974368,579.0142,99.19237,0.9676117,586.6911,129.86722,0.9947389,565.13275,124.95209,0.8333842,553.1197,137.45645,0.98700213,546.0759,136.35442,0.82183605,588.3115,150.06108,0.9968966,575.6599,146.02829,0.9887283,539.8279,159.61893,0.99263215,527.1261,154.92955,0.9722304,549.0206,209.31573,0.96661603,536.865,200.33116,0.9269806,1.02203624,-0.87916503,0.47655215,0.21100943
7,233.33333333333334,568.48425,88.02374,0.934562,572.3333,82.79657,0.9453087,567.29346,84.92591,0.5707498,585.7451,80.35838,0.93892473,572.38635,84.39413,0.17714125,596.81024,98.0694,0.9975096,578.48615,99.58719,0.96421003,585.50745,129.11632,0.9950545,564.36664,125.06781,0.81713086,551.9277,137.949,0.9875916,545.70905,137.1891,0.80951595,588.15753,149.87325,0.99684095,575.8979,146.21954,0.987789,539.21387,158.8126,0.99260557,527.07074,154.59903,0.9702964,548.82275,209.41963,0.9667732,535.7001,200.19653,0.924325,0.9992541,-0.87769116,0.43503807,0.19725329
8,266.6666666666667,566.37976,87.94777,0.9244029,570.05804,82.89615,0.9361729,565.6369,84.97692,0.521482,583.83734,80.84225,0.93488204,571.61505,84.76245,0.15806276,595.5522,98.57196,0.9974831,577.48444,99.699326,0.96378994,583.8161,129.2157,0.99533844,562.1594,124.512085,0.8262957,550.6773,138.10118,0.98831254,543.8677,136.83084,0.8192976,587.6184,149.77765,0.99726033,575.4596,146.0004,0.98944795,539.536,158.47272,0.993658,527.08563,154.1261,0.974631,549.2864,208.88937,0.9711968,535.2687,199.67007,0.93439204,1.02256192,-0.90446651,0.43209033,0.2021662
9,300.0,564.8514,88.736465,0.91516656,568.20703,83.73688,0.9302023,564.20325,85.72826,0.4802921,581.3378,81.171265,0.9344031,570.5054,84.925575,0.14522627,593.7908,97.95447,0.9974942,577.03973,99.371635,0.9609403,583.3501,128.71378,0.99562895,562.6812,124.985916,0.8190857,549.9352,137.81697,0.9888742,544.0035,136.99469,0.81485367,588.0204,149.58757,0.9973774,576.76263,145.93216,0.9895,539.2486,157.5324,0.9940469,527.5,153.43048,0.9752358,548.0165,208.81009,0.97290885,534.6999,199.79315,0.9366812,1.0266687,-0.92559202,0.39376964,0.20560523
10,333.3333333333333,563.59686,89.0376,0.9183222,566.85535,83.982285,0.9277778,562.33734,86.195946,0.5127099,579.4321,81.49724,0.92748404,567.4795,85.88223,0.16276266,592.45087,98.294464,0.9972867,574.3682,100.07875,0.9656515,582.5773,129.05557,0.9951297,559.7927,125.03441,0.844929,549.647,138.08539,0.9880823,542.30835,136.80371,0.83665955,588.6343,148.8966,0.99744534,576.5037,145.55609,0.9908414,539.0118,156.70424,0.9943809,527.1187,153.33838,0.97892934,547.1049,208.1494,0.975066,533.82153,200.16849,0.9451462,1.07457125,-0.97987966,0.40285852,0.17956682
11,366.66666666666663,562.1542,90.264145,0.9079506,565.14374,85.1393,0.9177673,560.83124,87.45616,0.48041308,577.4574,82.096634,0.92132574,566.0743,86.771286,0.15324917,591.35675,98.47443,0.9970427,573.35114,100.152176,0.9639955,581.47003,129.5365,0.99490947,558.7373,125.06383,0.8462214,548.53534,138.55064,0.98781836,542.3357,137.51443,0.8391969,588.9516,149.38089,0.9974049,577.07196,145.99083,0.9909191,537.55316,156.05818,0.99454653,527.57996,152.50581,0.97995305,545.0591,208.72293,0.9763689,534.53174,200.33688,0.948621,1.03289871,-0.94499801,0.3795222,0.17268874
12,400.0,561.468,91.20298,0.9234856,564.6478,86.08191,0.93267065,559.6238,88.34317,0.5353757,577.0531,83.10542,0.9289105,564.00085,87.744774,0.17073157,589.96356,99.49492,0.9972018,572.69617,101.06977,0.9661316,579.0116,129.41469,0.994842,558.3284,124.86969,0.84574306,547.8564,138.7236,0.98768824,541.8158,137.27676,0.83957326,589.1808,149.25534,0.9971795,577.9407,145.8878,0.9901924,535.8573,155.68489,0.9940899,528.3553,152.19962,0.9783005,541.1288,208.55243,0.9744762,534.552,200.13013,0.94456637,1.02939257,-0.93566348,0.37657446,0.20585088
13,433.33333333333337,559.4313,93.49257,0.8942316,561.7395,88.65165,0.9110148,558.09717,90.53203,0.4057319,572.47815,83.75437,0.91569424,563.88403,87.88608,0.112474374,586.49066,98.3226,0.9963726,572.52203,99.16838,0.9447396,577.738,129.77878,0.9948388,557.3069,124.98692,0.7877365,547.10004,138.14249,0.9887777,542.6091,136.35991,0.8093204,587.84015,149.12253,0.9964302,579.17554,145.56726,0.9858349,533.938,155.8281,0.9941584,530.923,151.82898,0.974944,540.1578,211.14609,0.9792509,536.6985,201.67706,0.9498907,1.01464666,-0.91674878,0.36453783,0.23704785
14,466.6666666666667,557.2021,92.02247,0.88841283,559.5632,87.28022,0.9084904,556.1151,88.99991,0.39037567,570.4342,83.24449,0.91561776,562.3913,86.93452,0.107345626,584.5174,98.47418,0.99600345,571.60803,99.50803,0.9385602,576.0601,129.0306,0.9943176,557.2928,125.35828,0.7681774,546.31964,138.16705,0.9877143,542.75354,136.6419,0.7937502,587.5444,149.54218,0.995739,579.53046,146.11296,0.9830873,533.73303,155.03107,0.993024,530.8825,151.23538,0.97013533,539.2797,211.00867,0.9756469,536.1305,201.852,0.94141287,1.00747419,-0.89783408,0.38836544,0.24097818
15,500.0,555.21344,92.54814,0.85948855,557.2019,87.89844,0.88554704,554.6224,89.60073,0.31967184,567.62494,83.71857,0.907747,561.99634,87.31514,0.09104776,582.37286,98.29548,0.9957391,570.8345,99.7255,0.9305176,573.8532,128.75461,0.9945393,556.2581,126.36029,0.7582509,544.84686,138.88196,0.98794377,541.7437,137.39966,0.78621006,586.1194,150.2886,0.9958391,579.08185,147.06891,0.98293674,532.2708,155.43054,0.9930125,530.19556,151.75504,0.96914816,538.20593,211.29807,0.97519284,534.93427,201.91693,0.93916756,1.02841425,-0.91109894,0.4119474,0.24048689
16,533.3333333333334,553.0506,93.61362,0.911338,555.48694,88.75358,0.9314976,551.54706,90.736664,0.4465981,566.81726,84.34217,0.9310452,557.4665,88.79205,0.11455131,581.0613,99.01952,0.99663097,568.45013,101.59512,0.9408272,571.54285,128.73102,0.9948143,555.26764,127.90146,0.7557701,543.3802,138.61534,0.98827434,541.91266,137.63974,0.78240275,586.44543,149.59543,0.9957806,578.49133,146.83026,0.9822504,531.6782,155.19974,0.9930368,529.151,151.8946,0.96833503,537.0439,211.42169,0.9756294,534.1161,201.93784,0.93906146,1.02841425,-0.91109894,0.4119474,0.24048689
17,566.6666666666666,550.27625,94.17243,0.90095645,552.43915,89.20787,0.92417336,548.7712,91.37128,0.42043525,563.73584,83.817406,0.92585117,555.09796,88.74286,0.106683314,579.3843,97.666,0.9961875,566.40796,100.62466,0.9329018,571.5324,128.67508,0.99425924,554.06854,127.954895,0.73873085,543.16534,139.16505,0.98719645,541.3244,137.83955,0.7691808,585.4028,148.79999,0.99535275,577.29956,146.28381,0.9805495,531.9922,154.72359,0.9925815,529.37836,151.96198,0.96668464,537.55756,211.29504,0.9748331,534.10803,202.54941,0.9375805,1.03714187,-0.91552055,0.46033955,0.15991518
18,600.0,548.736,94.179146,0.8966198,550.7742,89.16289,0.9144926,547.06274,91.52302,0.42596248,561.81104,83.80072,0.91638947,553.1363,89.1062,0.11773968,577.83386,97.73848,0.99583745,564.13306,100.68489,0.94104207,569.7761,128.71411,0.99367005,550.8505,126.76343,0.775418,540.49554,140.22859,0.98618317,536.56604,136.73344,0.7952842,584.3433,148.6315,0.99537426,575.8324,146.24243,0.9827361,531.44366,156.32684,0.99229336,529.0423,153.6203,0.9691001,538.13544,211.87393,0.9733874,534.97815,203.18277,0.93874687,1.04534272,-0.91625749,0.48465845,0.13535064
19,633.3333333333333,545.97003,95.04001,0.8668659,547.65594,90.0997,0.89822376,544.5194,92.462364,0.34548116,558.3287,84.52525,0.91492254,551.42236,89.74962,0.096965685,574.89453,97.58214,0.9956334,563.6122,100.69323,0.9253503,568.3707,128.30809,0.99379164,551.66565,126.63605,0.7297044,538.7865,141.66702,0.9857584,536.417,137.55539,0.7585784,583.6695,147.67879,0.9957371,576.78723,145.57378,0.9825033,531.2793,156.4173,0.9935213,530.27167,154.69156,0.97163177,538.6803,211.66837,0.97856313,536.19775,204.2069,0.9476546,1.0934067,-0.95384124,0.51880317,0.12871821
20,666.6666666666666,543.52716,95.80634,0.8705598,545.2148,91.060455,0.9010544,542.0452,93.26452,0.35270804,555.72656,85.200775,0.91729873,548.648,90.09005,0.09958543,572.5168,97.55921,0.9960891,560.6342,100.27219,0.9286853,567.6131,127.643936,0.99433655,549.3896,125.44531,0.73536956,539.48706,141.50684,0.9865868,535.08276,137.18158,0.7620177,582.1943,147.08319,0.9963515,575.11176,144.9733,0.98457897,531.40076,158.17522,0.99444205,531.1571,155.99728,0.9750772,539.3837,212.49374,0.9813588,538.722,204.37192,0.9537921,1.01690243,-0.87081308,0.51610107,0.09702995
21,700.0,540.3978,96.624664,0.8575188,542.01654,91.6349,0.8821471,539.68933,93.88344,0.32511085,552.7269,85.87928,0.90252006,547.5259,90.53255,0.10561465,569.41565,97.384735,0.99454546,559.0007,100.66176,0.93561697,566.553,126.64696,0.9920752,546.7186,124.98953,0.762349,537.3961,142.02495,0.9845493,532.1932,138.56908,0.7960396,582.4144,145.40894,0.9953578,575.9363,144.08171,0.9836997,532.0194,159.14407,0.9942631,531.74225,159.77351,0.978518,543.13916,210.9564,0.98182064,543.07465,207.2615,0.9607491,1.01575687,-0.85509178,0.5281377,0.14714162
22,733.3333333333333,538.03564,97.19461,0.8653991,539.699,92.242516,0.8908819,537.15283,94.53144,0.33079565,550.62964,86.24589,0.9107338,544.8098,91.02217,0.105422094,567.12115,97.40344,0.9953206,557.0271,100.64447,0.93915355,563.37787,127.67195,0.9932094,545.5313,125.57785,0.7678341,534.4512,143.06877,0.98624694,531.8466,138.92107,0.80068356,581.87036,144.50764,0.9960603,575.4607,143.36102,0.98551744,531.86554,160.589,0.9950127,531.89966,161.3933,0.9804134,544.25494,211.49301,0.9835677,544.3293,207.76263,0.9634445,1.03501548,-0.83568579,0.58832083,0.16359986
23,766.6666666666667,536.303,98.30126,0.8469689,537.5194,93.285416,0.8690692,534.9158,95.90088,0.3145228,546.7622,86.55415,0.8926097,541.13153,92.159424,0.10624465,564.2548,96.02861,0.99455345,553.32355,101.14304,0.9349764,563.91785,126.35895,0.99257773,543.44385,126.916275,0.7709511,534.5961,144.18117,0.9853196,530.0246,140.32933,0.8037894,582.1337,142.43903,0.99585706,575.2277,142.42407,0.9853757,531.8043,160.15025,0.994835,531.7208,163.0057,0.9803842,546.4327,212.05237,0.9830602,546.0207,210.42001,0.962954,1.03501548,-0.83568579,0.58832083,0.16359986
24,800.0,532.70013,98.40442,0.85371095,534.1278,93.39526,0.8737253,531.302,96.14986,0.33674607,543.95056,86.87117,0.8925782,537.41766,92.77429,0.110461734,561.96454,96.60093,0.99430084,549.42065,102.10381,0.93696874,561.8324,127.77911,0.99183697,540.0079,128.41385,0.77537173,533.0726,145.49004,0.98389083,528.0442,140.82806,0.8024578,580.53613,142.46501,0.9956708,572.47235,142.76369,0.98539275,531.5063,161.00763,0.9945815,529.9332,164.12354,0.9803438,548.30066,211.66422,0.9826927,546.58496,210.40393,0.96323806,1.06303384,-0.85681129,0.60797246,0.16212599
25,833.3333333333334,530.7795,99.021774,0.8699717,531.8164,93.84697,0.9002145,528.748,97.18839,0.40208387,541.47925,87.21004,0.9195008,534.0263,94.15258,0.14229167,559.06824,96.508865,0.9962239,547.1503,102.23493,0.94531083,559.096,127.54401,0.9939539,541.0305,129.29434,0.7750361,531.25745,148.1429,0.98309475,526.75885,142.74612,0.76749957,578.8445,141.76276,0.9964561,571.1314,142.1752,0.9868435,530.98584,159.61018,0.99322456,530.0274,162.00351,0.9731083,550.31323,212.94867,0.9720839,548.8482,209.99878,0.9357534,1.04214371,-0.82364916,0.60355085,0.20830733
26,866.6666666666667,527.6494,100.60759,0.8643829,528.55164,95.59792,0.8997144,526.17224,98.759995,0.38751465,538.18195,88.66496,0.9225074,532.7182,95.05601,0.1384575,555.49756,97.64895,0.9960598,546.2785,102.170135,0.94126475,554.96826,128.88303,0.993619,539.4402,128.72838,0.75897616,529.7542,149.90097,0.98175025,525.4147,144.17465,0.74975,577.04333,142.65045,0.99607736,571.09406,142.86415,0.98534817,529.6326,159.97403,0.9926266,530.3513,162.43924,0.9705712,551.24835,212.45895,0.9705367,550.0252,209.98865,0.93197054,1.02578886,-0.77108103,0.62074603,0.26898176
27,900.0,524.2652,100.5227,0.8836793,525.53687,95.34667,0.91949046,522.6555,98.82526,0.43791825,536.5014,89.343124,0.9325684,529.4827,96.40195,0.14723495,553.2494,99.23925,0.9959441,544.0546,104.74776,0.93975496,550.7515,129.69899,0.9926369,536.77637,131.39963,0.7317064,526.8336,148.75848,0.978681,523.30304,145.30637,0.71861005,575.68274,142.8879,0.99531084,569.3335,143.70677,0.98259187,529.8333,160.64795,0.99141335,529.336,163.86719,0.96598303,553.30316,211.57243,0.9671797,549.6235,209.86241,0.92472124,0.98103657,-0.64408234,0.58267098,0.45616358
28,933.3333333333334,522.09753,102.30161,0.89988476,523.81604,97.58382,0.93348956,520.32996,100.479004,0.44349292,534.39795,91.17328,0.94352543,526.33234,96.80856,0.14211273,549.1442,100.60318,0.9974016,541.7551,105.393036,0.94129795,546.8712,131.88461,0.9953393,535.19507,132.61806,0.7176422,521.7731,149.95917,0.9854109,519.85114,148.31454,0.71809083,573.81146,141.95448,0.99716276,568.4498,143.29587,0.98694915,530.44403,162.35997,0.995401,530.9674,167.8037,0.9776373,555.9969,208.99873,0.98276675,553.552,211.15553,0.95472854,0.98103657,-0.64408234,0.58267098,0.45616358
29,966.6666666666666,516.4767,102.46138,0.8881177,518.5269,98.20436,0.92778385,515.29297,100.52861,0.40508533,530.00854,92.676956,0.9428244,521.6071,96.96774,0.123992994,544.80347,101.67398,0.99737954,536.78784,105.63999,0.93651056,541.91345,131.03152,0.9955317,530.3569,131.53947,0.7110248,518.2851,150.63391,0.9856754,517.2944,149.02539,0.7124724,572.7985,140.15207,0.9973677,566.7663,141.46204,0.98756903,532.28,163.76164,0.99558455,532.0471,169.05986,0.9781532,556.54236,207.5286,0.9829044,555.0999,210.29483,0.9547061,0.98442124,-0.6114115,0.58684696,0.50087105
30,1000.0,513.8219,103.806595,0.89061564,515.6429,99.25555,0.9336477,512.2364,101.90553,0.41707867,526.6521,93.35316,0.9457057,518.1197,98.48741,0.124645054,541.493,101.92894,0.9973671,534.38745,107.02493,0.92820406,538.1184,131.3882,0.9953702,529.0317,134.07893,0.66849047,516.2152,150.41176,0.9844499,516.7548,150.35492,0.67087436,571.7854,139.72101,0.9973464,565.6752,141.60095,0.9866773,533.25085,163.36865,0.9959781,529.8927,168.52574,0.97876966,560.78235,207.889,0.98559177,552.59296,209.29865,0.9600907,0.94787153,-0.54950885,0.55368482,0.5384548
31,1033.3333333333335,511.45132,105.99043,0.8880978,512.6943,101.37714,0.9334136,509.79187,104.22087,0.39230707,522.3078,94.74898,0.9511022,515.5063,100.42429,0.124894395,537.09,101.70466,0.99807465,532.8154,108.95904,0.9347632,534.5905,131.04086,0.9967662,529.2554,138.34152,0.6812619,512.3473,153.66145,0.98789805,515.6648,155.10364,0.68167776,570.9911,137.81755,0.9982173,566.4907,140.83723,0.98999375,533.9495,164.30386,0.9972019,530.69324,170.92572,0.9834879,563.0805,207.2868,0.989205,553.1154,209.55664,0.96775514,0.94995833,-0.47483263,0.48588668,0.66397962
32,1066.6666666666667,507.8775,107.57864,0.86030114,508.5094,102.69467,0.91367286,506.48126,105.71229,0.34192827,517.7998,96.65295,0.94842803,514.25745,102.61982,0.14137772,532.21405,103.86791,0.99733824,532.9106,110.46698,0.94440836,528.587,134.00461,0.9951557,530.76013,138.55122,0.70592374,507.0878,160.48413,0.9820035,513.3476,158.77707,0.67767173,569.256,139.22806,0.99727744,568.995,141.94504,0.9876315,532.4456,165.23288,0.9953739,533.8118,169.7851,0.9777533,562.1078,206.40936,0.98235184,558.3299,204.51839,0.9551959,0.98265536,-0.39106754,0.52027704,0.73619938
33,1100.0,505.31885,111.63651,0.8316906,505.48358,106.951355,0.88994265,504.16544,109.43559,0.30689812,513.60266,100.180786,0.93957525,512.28796,104.850395,0.15019163,527.5653,106.893425,0.9967933,532.1656,110.39244,0.9442712,524.0808,139.33163,0.9941439,531.36066,138.35637,0.7211565,501.37625,166.57684,0.9782737,512.3106,161.43492,0.68577653,567.9759,138.09425,0.9968088,570.32214,139.72163,0.9870198,532.485,166.53781,0.99466443,536.25085,170.04465,0.97707444,562.59143,207.80786,0.9797615,560.47675,205.84451,0.95229644,1.03651041,-0.45591794,0.56965177,0.73619938
34,1133.3333333333333,500.00266,113.01149,0.81309235,500.25537,108.4325,0.8545727,498.98892,110.22069,0.269357,508.69086,102.07059,0.902606,507.48016,105.38793,0.12816101,522.4547,109.16237,0.9937494,527.18115,111.93445,0.9297017,519.95264,141.4647,0.98999316,524.9401,140.29326,0.7179504,499.50702,166.38815,0.97349584,508.32996,163.62384,0.7184092,565.76196,137.05647,0.99435556,567.56854,138.88808,0.98070854,537.3578,167.81787,0.99227285,535.94824,171.58716,0.97219366,565.22595,210.06433,0.974959,553.2197,208.73834,0.94902784,1.0497494,-0.49472992,0.62786974,0.68043787
35,1166.6666666666667,497.17627,114.6918,0.82240623,497.83313,110.54265,0.85502374,495.9209,111.7541,0.29584056,506.0556,104.71799,0.8955247,502.75885,106.6207,0.14059353,517.7765,112.19824,0.9936832,522.457,111.94875,0.93553245,513.88794,146.84224,0.98943245,519.8163,139.22585,0.7363982,494.16537,172.08893,0.9723422,505.57254,163.90222,0.7338981,564.1553,134.85406,0.9944349,566.2779,135.93533,0.9819989,534.46326,168.46016,0.9927684,537.8817,171.6597,0.9751854,561.5766,211.73737,0.97656745,558.135,210.62837,0.9537188,1.07035543,-0.48637797,0.72096937,0.62393942
36,1200.0,494.66003,117.48988,0.8464867,495.5516,113.66432,0.8792084,493.5934,114.51039,0.31493244,503.96503,108.00336,0.9143196,500.43973,109.01834,0.143972,514.8603,114.77453,0.9952821,520.92456,113.84172,0.9433027,510.1172,148.67052,0.9918982,518.8918,139.9532,0.7462814,489.9337,174.00626,0.97744924,505.02527,163.25824,0.7438212,564.1641,134.91252,0.9952893,567.4436,135.8484,0.98353577,532.95166,169.42374,0.99355596,539.8619,172.1188,0.9759713,560.4977,213.01591,0.9774138,563.19556,211.08865,0.95317143,0.98607905,-0.4470747,0.68535078,0.55024578
37,1233.3333333333335,489.8154,120.51433,0.8567487,490.41208,116.700195,0.88082415,488.53705,117.812614,0.34469727,498.33173,110.97365,0.91096556,494.75247,112.78995,0.15819299,509.7999,117.37088,0.99543756,515.30505,117.313255,0.9506525,505.18127,151.1766,0.9917698,511.03143,143.83852,0.77178234,486.3652,175.55435,0.9769645,497.8326,165.78922,0.7620123,562.33606,133.82472,0.995199,565.8373,135.34026,0.98421913,530.8298,169.06798,0.993287,541.89545,171.59058,0.97624695,559.41504,213.14119,0.9760273,568.0969,209.98222,0.95201135,0.95741204,-0.4308621,0.66152317,0.54164819
38,1266.6666666666665,484.87308,125.0807,0.7065402,485.10812,121.32236,0.7587991,484.75986,122.23009,0.1843842,493.17938,115.96617,0.8582938,493.0251,117.112595,0.09866972,505.13568,121.129395,0.98957705,513.10815,120.68094,0.9022889,499.47552,154.75723,0.9862368,510.2846,148.86363,0.69727236,482.91498,175.8124,0.96534806,496.62497,170.88766,0.6985834,559.75366,134.80005,0.9921686,562.79834,136.21976,0.975874,535.3943,169.69745,0.9901468,532.9371,171.72572,0.9673246,570.26587,214.2826,0.9690498,555.6126,211.38184,0.9406145,0.81549573,-0.20388571,0.60797246,0.5038188
39,1300.0,482.09583,129.81448,0.69072264,482.1445,126.00641,0.75571907,481.64334,126.87041,0.18313023,489.04865,121.00049,0.86607677,488.24146,122.25061,0.10339764,500.71185,125.03618,0.99102575,507.4257,124.86279,0.90303946,496.00415,158.83311,0.988489,505.3373,153.91168,0.69721794,480.15918,181.59607,0.9658888,489.78244,175.90662,0.6772702,556.38293,134.79282,0.99343395,557.7008,136.20322,0.97825897,537.2778,171.06206,0.99121726,527.8581,171.3289,0.96860963,575.8712,216.86862,0.9694547,551.6714,210.62354,0.9382791,0.81549573,-0.20388571,0.60797246,0.5038188
40,1333.3333333333333,479.43124,134.74603,0.68244207,478.9451,131.13965,0.7238238,479.68097,131.5543,0.18706664,484.68707,124.28589,0.83124304,487.90866,124.79147,0.106726475,495.28937,127.70943,0.9857113,508.327,125.563385,0.8771298,487.97226,166.05878,0.9810852,509.38956,155.91785,0.6609463,473.56592,188.0267,0.9561573,503.56317,177.38681,0.6700645,551.51044,135.68336,0.98585135,557.35254,136.75955,0.95877475,536.9997,171.75314,0.9812019,534.19385,172.07184,0.9416431,571.4984,216.32681,0.9472948,551.3639,211.06985,0.90311664,0.69140717,-0.11766417,0.47434134,0.48908007
41,1366.6666666666667,474.95972,141.02869,0.7158685,474.74402,138.1641,0.7899123,475.4685,137.83197,0.19445123,478.79468,130.13089,0.9133259,481.6635,129.05171,0.1194926,489.37982,131.09496,0.9961457,503.3512,127.33864,0.92188543,483.5141,170.84729,0.99444395,505.2675,160.93811,0.7214911,467.43704,193.82834,0.98071176,499.02042,183.2261,0.71457356,551.70325,131.88127,0.9971667,556.72394,131.9257,0.9882036,536.02795,177.18256,0.9962598,530.1532,175.47592,0.983549,575.4029,214.74174,0.98685247,555.1533,208.10872,0.968937,0.69487724,0.10710141,0.50308186,0.46721763
42,1400.0,468.8523,145.89903,0.73565847,468.90176,142.84653,0.7789857,468.86374,142.90945,0.24071802,474.02695,135.59357,0.8880939,473.2515,135.3888,0.14535774,485.64343,136.31705,0.99540436,492.47348,134.40378,0.94251215,478.66306,174.71225,0.9931477,488.2705,168.49168,0.7984982,456.6853,197.54333,0.97672755,472.52173,193.78073,0.7713203,547.60333,133.54243,0.99697864,547.85986,134.51501,0.9902344,535.7586,179.37518,0.9956638,526.1744,178.36798,0.98511595,576.3685,213.50912,0.9846598,554.5258,208.25117,0.9691602,0.67648881,0.15131759,0.53157673,0.39008496
43,1433.3333333333333,467.4668,153.27104,0.7797359,467.1574,150.28717,0.78730255,466.8575,150.73438,0.32947773,470.52264,142.42616,0.86861074,468.01624,143.38098,0.20284165,481.3275,140.79596,0.9957268,484.67078,141.22847,0.96084726,475.49167,177.3988,0.99305165,478.32996,174.16678,0.8570112,452.48148,203.17535,0.97608227,461.91315,199.15126,0.820291,543.17303,134.63184,0.9975534,541.2904,137.018,0.99319,535.1225,180.4696,0.9964212,524.9907,181.35709,0.9893505,576.4703,211.2667,0.98757046,555.6983,207.97354,0.97693765,0.9566331,0.48269329,0.64580186,0.51487284
44,1466.6666666666665,463.8849,155.7386,0.78480023,463.9604,153.01956,0.79564244,463.47375,153.0163,0.33866474,466.89856,145.3992,0.8847144,464.1713,145.34215,0.21551509,476.39557,143.9708,0.9964839,480.81976,143.06465,0.96391,471.73865,180.1208,0.9936413,476.08185,173.99155,0.8548852,452.18454,207.11423,0.9761017,461.5533,200.19917,0.80859774,538.7686,136.3628,0.99790454,538.35657,138.47394,0.99387735,531.69464,183.96614,0.9967866,525.9784,184.82518,0.9900662,572.4246,209.4971,0.9885811,559.87445,207.32706,0.97816306,0.88690418,0.32376069,0.50480138,0.65341687
45,1500.0,459.7297,158.50835,0.71819365,459.30814,155.79417,0.7296075,459.49527,156.27835,0.27188176,462.05185,147.98247,0.85417724,460.52057,148.84508,0.18629727,473.5255,145.6329,0.99561995,476.45636,146.69104,0.9553019,474.98862,180.17783,0.99271107,476.34833,177.26323,0.8381466,456.82416,207.17035,0.9731011,462.9127,201.6624,0.7889847,534.3682,139.67355,0.9978467,533.6466,142.81833,0.9936748,528.4795,186.29503,0.9967186,524.6984,188.91566,0.98994327,570.573,207.63394,0.98870707,562.3222,207.69333,0.9783547,0.83669447,0.17391697,0.71974114,0.38959367
46,1533.3333333333335,457.05896,159.2472,0.7682835,457.12827,156.31172,0.7934983,456.74725,156.98085,0.34505385,459.5757,149.06711,0.8876565,457.9062,150.18408,0.22674836,469.6196,148.82352,0.99586236,474.47095,150.29993,0.9527627,471.48764,181.92023,0.99103177,477.0064,179.31126,0.788841,457.62674,207.90366,0.9649051,464.0619,203.84662,0.71981466,528.0585,146.94739,0.99702865,529.03406,150.24597,0.99085414,520.7663,189.00166,0.9956222,519.0984,191.9203,0.9859897,565.79584,206.59113,0.9866259,560.3971,207.44159,0.9734353,0.78037694,0.65759284,0.29452888,0.29968744
47,1566.6666666666667,450.3768,157.77576,0.75589216,450.47607,154.69417,0.77391994,449.9447,155.82341,0.32309997,454.8758,148.669,0.864493,451.5001,150.6087,0.19896562,468.9114,149.62263,0.9955591,465.7485,152.57565,0.9524781,474.1326,182.95015,0.99151224,471.59134,184.07199,0.8127309,458.66815,206.1705,0.9679161,460.93542,204.62363,0.7515734,524.71045,149.681,0.99714714,519.6611,153.4431,0.991507,522.8083,191.86201,0.9952554,511.88953,193.20395,0.9855085,572.9085,208.38313,0.98451483,556.668,205.98302,0.9704012,0.90368664,0.61042892,-0.19086651,0.6384325
48,1600.0,447.07614,157.48051,0.77057475,447.77396,154.40118,0.80931437,447.07797,155.1012,0.3241069,453.67267,148.80157,0.88636404,450.0592,149.61815,0.17610832,468.5713,151.42471,0.9955177,464.17688,152.52132,0.94040054,473.06284,184.00722,0.9915489,471.07684,182.85844,0.7698608,458.94263,206.23506,0.9680825,461.10767,205.25581,0.7115125,520.9495,153.40317,0.9965275,514.3899,155.85501,0.9886375,518.9068,195.31743,0.993912,500.97076,194.92831,0.97972494,569.0145,210.26178,0.9800363,541.5984,206.77065,0.9596821,1.01580318,0.18030375,0.72637356,0.68682465
49,1633.3333333333333,444.53983,156.58081,0.8117449,445.3587,153.11435,0.84474766,444.48813,153.88245,0.39347088,451.61176,147.3362,0.8942156,448.13626,148.32765,0.19890122,466.72208,152.25935,0.995112,462.32867,152.8919,0.9391286,470.40787,184.39798,0.9897842,470.8734,182.44194,0.7612585,459.8827,206.19861,0.9623627,462.10852,206.51758,0.69765294,515.3494,159.76433,0.99564904,508.04294,161.75092,0.9864558,516.4482,197.7055,0.99205875,490.4837,197.11957,0.9752505,565.86615,210.71906,0.9754819,523.68896,208.1634,0.95226616,1.01580318,0.18030375,0.72637356,0.68682465
50,1666.6666666666667,444.50378,157.00766,0.80121607,445.75345,153.49078,0.82568413,444.45703,154.28705,0.4121859,451.68478,147.6838,0.87634856,447.66144,148.42548,0.22421105,465.7223,153.04631,0.9935456,460.56265,153.66612,0.93681306,468.76233,184.71658,0.98544484,471.95453,182.62376,0.7549226,459.4062,205.76746,0.9484802,465.0056,208.13943,0.6765974,512.5966,165.26823,0.99435693,504.73837,167.53854,0.9844242,513.40204,201.40233,0.98978746,486.51987,202.19519,0.9718788,565.11975,210.1092,0.97135264,523.0944,210.68173,0.9480616,0.78224262,-0.46377859,0.40678885,0.48097377
51,1700.0,444.0865,158.06078,0.8249995,445.4238,154.18944,0.8425066,443.87402,155.47694,0.46126214,451.9737,148.1564,0.8789091,447.55124,150.01846,0.25108293,465.42444,153.85101,0.9935248,459.9133,156.35986,0.9424381,467.3749,183.03545,0.98444897,472.05658,184.44446,0.766018,457.3397,204.20326,0.9453721,464.83743,207.98834,0.68556637,508.661,169.97046,0.99413353,500.47086,173.08095,0.9845136,513.9378,202.22568,0.98933965,486.29526,204.18872,0.9724023,565.3786,210.35538,0.9713234,522.09454,212.33472,0.94990456,1.38268407,-0.44461825,0.22574816,1.28963856
52,1733.3333333333335,440.45718,160.58165,0.8493167,441.5267,156.14658,0.8697777,439.972,157.95047,0.512734,448.7038,149.36653,0.8919097,444.75366,152.5329,0.27354586,462.8209,155.37747,0.9933072,459.2217,159.137,0.940722,466.46683,182.54533,0.982131,473.33612,185.99548,0.7461398,458.18478,203.84056,0.93723464,464.96606,208.32709,0.66038966,504.62988,173.4468,0.9930696,497.46225,176.88634,0.98190683,514.41797,205.77356,0.9874626,485.15854,207.57808,0.96846527,565.9597,213.41776,0.9673275,517.3661,214.72353,0.9440796,1.33293012,-0.30410905,0.23999559,1.27539112
53,1766.6666666666665,438.5431,161.43515,0.8356333,439.52325,156.30705,0.8862717,437.55396,158.97247,0.45224473,447.76773,149.41599,0.91048956,442.8172,154.58382,0.20390889,463.20483,156.89674,0.99361426,457.83322,162.751,0.89659613,469.00415,182.9359,0.98317474,472.83093,188.42123,0.56478494,459.27936,204.89456,0.9364426,465.42657,205.00049,0.5030256,501.61765,177.34258,0.9911697,494.32654,181.54243,0.9681846,510.73212,207.26852,0.9861639,487.57916,209.3769,0.9524461,563.6138,215.89964,0.9665868,524.3215,215.2477,0.930124,1.70908824,-0.81382334,0.62713281,1.36578864
54,1800.0,437.20483,158.34375,0.8829139,438.67773,153.3722,0.9145148,435.51804,156.36073,0.55273485,448.26498,149.10364,0.91739357,439.96094,155.15771,0.24073148,464.83478,159.03111,0.9951126,452.93155,166.25047,0.92111325,472.02216,183.16707,0.9856881,465.1302,190.4405,0.6190461,460.16315,204.56749,0.94521207,458.73822,203.62115,0.55711645,499.23718,181.454,0.99240524,487.9075,186.41277,0.9729081,513.55383,207.09059,0.9870809,489.55667,210.49911,0.9568148,561.89935,215.86476,0.96716255,525.50037,216.61621,0.9324105,8.4470677,-3.12215354,-2.27295725,7.51257448
55,1833.3333333333333,439.09268,159.66052,0.9138985,440.20862,154.56233,0.924233,435.34338,158.7937,0.6942945,448.3037,151.88483,0.9027247,435.6211,161.09604,0.36747256,464.43417,162.33861,0.99508744,447.17368,173.53517,0.9472474,473.52963,183.7991,0.9815392,457.55328,196.27113,0.6854768,462.0934,204.38791,0.9340475,455.41455,204.16829,0.61466664,499.2867,181.43636,0.99168724,486.03403,188.87381,0.9755307,514.1225,205.09581,0.9873174,499.8531,211.22955,0.9646771,560.32355,216.64888,0.9694872,543.026,218.5708,0.94380814,2.418173,-1.69519918,-0.87891938,-1.48369846
56,1866.6666666666667,438.1393,162.11633,0.9034401,438.6912,156.90016,0.90693897,434.2135,161.005,0.68651974,445.2432,154.01477,0.86916125,433.2313,163.25327,0.35589823,460.8394,164.65367,0.9928283,446.06625,175.41795,0.9364306,469.8964,186.23062,0.9743183,453.12347,196.41176,0.68480366,460.09717,200.19354,0.9258425,450.69406,201.36902,0.6464986,499.18182,182.12294,0.9873273,488.4211,190.10751,0.9669292,517.03687,199.30017,0.9811854,509.85724,206.57573,0.95416516,558.0969,211.60213,0.96135104,549.8159,215.51636,0.9352129,1.19030508,0.37755704,1.11891498,0.14935243
57,1900.0,437.53043,163.81787,0.84292495,437.36893,159.03632,0.82483685,434.24402,162.67087,0.57190263,441.4515,156.16559,0.7899968,432.02338,164.4415,0.315676,457.5895,164.24976,0.9898296,440.94373,177.24493,0.9269767,470.32874,182.00371,0.97208697,450.86673,199.41862,0.71826816,461.32715,198.26065,0.92662793,451.57666,205.20479,0.6883,496.0803,181.29587,0.9863325,484.28708,190.38599,0.96717983,517.3107,195.83128,0.9768734,506.12796,204.46884,0.9483938,555.0218,203.71892,0.951196,544.5276,209.61775,0.92209005,1.24040863,-0.07664138,-0.47925425,1.14151436
58,1933.3333333333333,434.0082,171.53314,0.8167317,434.19092,168.07771,0.81663597,432.0958,170.64377,0.49539548,439.85843,164.47198,0.8348195,433.02188,170.166,0.29520392,453.56076,168.19592,0.993123,440.7654,178.74924,0.9477392,467.35074,182.35399,0.984297,452.15912,196.6987,0.7824007,454.34494,202.12552,0.9505465,449.8731,206.31992,0.7234159,489.76624,178.05061,0.99344337,481.27863,186.00946,0.9824837,510.82468,188.7893,0.98696935,501.8885,198.37982,0.96728766,544.94507,190.27748,0.96874535,539.45,199.21375,0.9452417,1.55638378,-1.07101412,-1.03785198,0.44510954
59,1966.6666666666665,431.2811,172.4526,0.7881805,430.8527,168.83582,0.7701983,429.331,171.49992,0.42847377,436.20187,165.02864,0.7909627,430.80856,171.18712,0.23927614,451.22375,169.0851,0.99147934,441.71106,178.71812,0.93916285,463.62186,185.77382,0.98411083,448.63138,195.7761,0.8073009,452.3128,201.10457,0.9568571,445.68182,204.81873,0.77643275,494.09665,182.05171,0.9907252,487.66174,190.49245,0.9768157,517.3547,186.67526,0.9750577,513.91614,198.49658,0.9424267,545.7147,186.50026,0.93813896,544.4996,198.6543,0.89873034,1.43637242,-1.17443085,-0.68584207,0.46205907
60,2000.0,432.43103,174.0633,0.8446128,432.4337,170.90063,0.83250886,429.77478,173.12369,0.59212327,437.87427,168.72342,0.81374997,429.58972,174.03659,0.36845556,452.97916,173.68149,0.9900628,438.41672,183.48813,0.9523559,465.62115,187.7536,0.9728157,445.72656,200.50113,0.79869986,451.5091,205.30943,0.925639,446.52042,206.11801,0.74340177,495.41898,181.33815,0.98647505,486.36536,189.44218,0.97203785,518.3086,184.01016,0.97304237,512.69385,194.3112,0.94795424,540.37134,184.57712,0.94198644,543.9009,194.8906,0.91426927,1.34199206,-0.93787429,-0.54803498,0.78803057
61,2033.3333333333333,435.44467,173.79242,0.7438304,434.35788,171.06454,0.69864637,433.37033,172.89925,0.49693874,438.1198,169.81808,0.7039303,434.68863,174.38986,0.371238,455.3857,175.61752,0.9753288,444.64435,182.74734,0.9408609,466.59998,189.86551,0.9325529,453.08743,198.09575,0.80103624,449.93298,203.15356,0.85070485,448.43567,202.11676,0.7343549,498.98746,181.37035,0.9713662,492.72974,187.29225,0.9591366,520.5775,181.24947,0.95337886,517.7011,186.1014,0.93744755,538.93823,187.66333,0.9182787,544.65,191.77527,0.905231,1.71275306,-0.3714159,-1.59841488,0.49055394
62,2066.666666666667,433.15936,177.30898,0.6392378,431.97543,174.38828,0.5823959,431.04413,176.2855,0.32743877,436.179,171.71124,0.64210236,432.43958,176.64163,0.24688749,449.96994,174.66501,0.97466177,441.68127,182.26349,0.9200527,462.01724,185.11539,0.9544617,454.38092,193.41293,0.78810036,448.7179,199.92056,0.88711476,451.94528,204.08821,0.70901495,493.20737,180.97723,0.97929513,488.60846,187.97894,0.9629248,524.259,180.67638,0.95569956,520.87054,186.38022,0.92606777,549.4548,186.94989,0.90884906,551.00195,190.31558,0.880159,1.82924818,-0.35643153,-1.77085797,0.28838775
63,2100.0,429.16492,173.87267,0.5760831,428.09103,171.04285,0.5172997,426.84662,173.24884,0.30091062,432.63467,169.67473,0.59067374,428.66858,175.09656,0.24518561,446.56805,172.50066,0.95551157,441.85587,182.56802,0.90709025,458.0219,182.92862,0.9156053,459.13602,196.71431,0.76799166,448.7851,198.1063,0.82229906,454.76202,204.85643,0.68254656,495.7489,177.47629,0.96883136,493.10693,185.50052,0.95528644,519.797,173.10027,0.9520323,517.6004,181.03448,0.9345891,542.56903,180.6982,0.9232091,547.4633,187.8071,0.9108979,0.75780997,-0.1616347,-0.23655656,0.70156338
64,2133.3333333333335,14.216286,119.96251,0.72768164,15.152888,118.078705,0.76778704,13.628759,118.62605,0.43971467,20.083673,115.882706,0.74163526,15.343964,117.288574,0.1825407,29.853052,118.96565,0.96730596,17.78686,122.07109,0.90472144,42.42788,124.4391,0.9383713,18.493374,132.8799,0.6508021,46.465546,122.973526,0.8967243,18.852005,133.55724,0.6316603,36.74363,140.24144,0.96556413,28.760378,141.49728,0.93969834,41.0858,158.25021,0.9076033,28.052269,159.22672,0.82921547,48.3478,173.87633,0.8085134,30.734976,174.0336,0.71716887,1.00759007,-0.58512744,-0.29428324,0.76567684
65,2166.6666666666665,80.49511,114.95905,0.51085407,80.545044,113.02142,0.29912275,79.261284,113.60697,0.43262324,81.26453,111.603264,0.17654675,75.46369,113.09625,0.41243032,83.960464,113.925285,0.93711245,68.87961,118.325455,0.9457963,97.783585,115.06596,0.9007076,64.8141,125.52457,0.91801065,105.7869,113.482834,0.88202775,70.656136,122.23721,0.89360654,82.36163,135.2113,0.9696605,72.48938,138.19852,0.97251713,95.53289,127.66574,0.92550856,83.60424,131.2599,0.9330751,93.51889,142.9436,0.8664806,81.113655,148.02869,0.8767562,0.99550929,-0.19209473,-0.90201005,0.37485494
66,2200.0,15.180058,121.23871,0.65282714,15.871826,119.42561,0.63813144,14.581802,119.74273,0.38995385,19.957457,118.81291,0.6784417,17.00916,119.49098,0.25409615,27.83688,125.76396,0.9645636,19.851933,127.21483,0.919498,42.319504,131.4455,0.9116776,27.236183,135.95189,0.7011974,53.142544,126.44542,0.85173625,28.538406,131.64333,0.6461538,33.719856,148.44939,0.9543075,29.138514,149.32669,0.9333132,40.14047,158.48407,0.85284775,34.806877,159.3168,0.7840284,46.21571,167.83795,0.70984215,38.462696,167.86179,0.6332177,1.50958752,-0.17907553,-1.46871408,0.29944179
67,2233.3333333333335,431.46176,170.77036,0.38624215,428.6572,167.9966,0.24215588,429.9953,172.3895,0.24927671,428.79105,169.66898,0.3686276,432.48297,179.77728,0.35581833,446.59863,172.73038,0.89904207,442.5489,194.06612,0.9248687,461.74298,168.48477,0.804071,463.73276,209.8301,0.84394515,454.872,168.3583,0.72299,467.95334,203.00063,0.7741282,490.69678,179.90225,0.9540928,488.65286,191.09146,0.96164143,500.17197,185.98935,0.9339841,499.81995,195.03757,0.9454982,529.05035,190.23874,0.89202684,535.52686,195.41777,0.90714663,1.2284251,-0.4308621,-1.00837453,0.55368482
68,2266.6666666666665,428.03607,173.7252,0.5031442,425.68634,171.1199,0.32783246,425.41656,175.0719,0.2800994,427.0082,173.5505,0.4220804,426.40454,183.39137,0.31319585,442.46542,175.16287,0.94595695,437.55853,195.71341,0.9382439,458.36902,166.37369,0.9095304,459.83728,207.10223,0.87992144,454.2749,165.08359,0.84659976,468.579,200.99832,0.8232467,486.95764,181.9502,0.9726581,483.98444,193.46632,0.9705448,507.64395,189.24503,0.9387899,506.56213,198.31422,0.9357873,534.192,198.60068,0.87363917,537.8711,202.42165,0.874171,1.19931996,-0.17588213,-1.04595828,0.55982596
69,2300.0,82.222466,114.95629,0.7882301,83.67225,112.60199,0.64251876,80.41497,113.307556,0.7116513,86.28635,112.06226,0.39198077,76.74379,113.971725,0.5575418,87.112686,116.09918,0.97298086,71.53356,121.13301,0.97538245,100.33382,115.546776,0.92676735,64.712036,128.08902,0.9267372,107.619835,113.5162,0.90643096,68.45442,129.64551,0.9000738,83.79781,134.80022,0.9768042,73.46069,137.62697,0.9778496,91.67546,125.510635,0.94035625,76.93403,128.61179,0.9399858,96.14785,135.28104,0.90410507,81.12988,139.76038,0.9030398,1.26406971,-0.3313757,-1.10565012,0.51536413
70,2333.3333333333335,434.60568,177.8129,0.4420132,431.19446,175.34354,0.21453437,432.34836,179.18193,0.28564864,428.46024,177.25557,0.2905714,431.74237,186.86165,0.40775767,439.4236,177.59961,0.92971206,441.19165,197.17044,0.95384437,455.88217,173.0084,0.8763764,462.94635,211.67436,0.9184477,457.17072,170.74185,0.79813224,473.18735,212.95984,0.85528195,487.69498,178.23383,0.97443646,489.12344,190.81198,0.9788519,518.22046,182.3201,0.94761777,519.93726,193.81625,0.95757645,550.43,192.36798,0.9004685,552.60516,200.33463,0.91517645,1.05496254,-0.38345253,-0.85582871,0.48318458
71,2366.6666666666665,431.10477,178.07973,0.49377608,428.44666,175.81717,0.28368255,429.25027,179.18831,0.28483388,427.73712,177.8345,0.37601078,429.7065,186.36539,0.35209286,440.94208,177.48277,0.9467875,439.1127,198.2886,0.95197016,458.27258,167.70386,0.9136945,460.77274,211.76564,0.91288483,456.7208,166.55647,0.8580766,470.70236,211.11913,0.8624091,487.7681,180.01613,0.97589785,487.00894,192.16992,0.97661006,511.21683,185.17313,0.9441609,511.28748,195.56439,0.94674027,538.29407,195.21347,0.880188,542.8452,201.50923,0.88715345,1.23108706,-0.36895945,-0.95678899,0.6811748
72,2400.0,426.0263,177.49771,0.6980481,424.3388,175.01941,0.49231207,423.7171,178.1805,0.46892166,426.05637,176.61986,0.509539,424.2102,184.80554,0.43162635,439.88522,176.86835,0.96636325,435.68588,198.13185,0.9700651,457.7542,167.29514,0.9336249,456.72586,211.42726,0.93549645,457.5951,167.35646,0.8849343,469.86407,208.29189,0.89266473,493.0141,180.43506,0.9770433,490.32928,193.59492,0.9781788,521.6151,183.55406,0.9331738,518.8521,196.57938,0.9381032,545.6418,189.04501,0.8448631,548.7708,199.46884,0.85621333,1.23108706,-0.36895945,-0.95678899,0.6811748
73,2433.333333333333,93.57955,121.581024,0.21830857,93.73747,120.30827,0.056516435,94.57782,120.496704,0.2302273,87.30231,118.29757,0.087022,94.12391,119.56089,0.57440245,81.59592,117.5998,0.89109766,89.56815,120.272415,0.9672947,86.64219,117.88274,0.747557,96.96104,121.02101,0.96607023,100.03957,113.75386,0.7434815,104.74696,116.22517,0.9351125,69.624084,129.6024,0.97202605,74.62694,130.90895,0.9860567,81.794685,122.28761,0.94488055,84.94364,123.23024,0.97405905,83.56908,134.60327,0.919694,86.60207,136.57768,0.95280224,1.15637509,-0.40359546,-0.85238968,0.66913818
74,2466.666666666667,432.23178,180.90129,0.39317942,431.7773,178.06822,0.32587796,429.98383,179.61513,0.17570998,432.79535,177.32364,0.37979558,430.36685,179.87267,0.15941577,440.7498,178.12094,0.8804096,438.61945,182.11528,0.6939582,451.05237,175.46141,0.8066912,439.6471,183.34337,0.35663807,452.26007,175.0137,0.76262265,448.89114,175.57094,0.43816388,478.84634,183.22047,0.9144485,474.53592,186.5925,0.85299885,480.21634,180.68016,0.8857646,477.30176,183.2024,0.7838606,503.30222,188.73598,0.85739005,500.84454,190.49907,0.76837415,0.91464436,-0.45002245,-0.58046017,0.54508723
75,2500.0,92.65002,113.79976,0.20045276,92.288445,111.9835,0.038350135,93.07878,112.304214,0.24550326,82.451584,110.25127,0.05833362,91.33732,111.98828,0.68237996,77.0269,113.71135,0.8414251,88.23727,117.05055,0.9631866,84.24888,118.00582,0.55078757,98.75863,120.84964,0.9590189,97.92128,116.66471,0.53427607,103.25556,116.85837,0.90668243,69.71278,138.05226,0.9221241,77.11809,139.83987,0.9666375,84.109184,125.83652,0.79319227,89.46878,126.98605,0.9153883,84.924675,137.95663,0.706266,89.400795,140.19254,0.83759636,0.9882404,-0.41833418,-0.5384548,0.71531952
76,2533.333333333333,487.38086,187.52051,0.16620156,487.12375,186.75201,0.1312984,489.3566,187.40121,0.0717834,478.37158,186.02531,0.3380743,493.73328,187.22864,0.107472286,473.14658,182.77509,0.8030284,493.16653,184.74283,0.71311045,460.13013,178.62889,0.73119265,481.01242,181.19373,0.4963087,456.54865,177.01035,0.71923125,471.3929,180.15186,0.5469749,481.15164,181.73068,0.916165,489.7061,182.31892,0.89294237,473.01068,178.87885,0.90153897,480.3689,178.38828,0.8516447,478.37338,192.20123,0.86370003,482.9912,191.57104,0.81488574,1.14306829,-0.50873171,-0.58340792,0.84108999
77,2566.666666666667,438.68768,187.18079,0.3789114,438.38934,185.1264,0.34553942,436.78326,186.22218,0.1435876,440.74313,184.3754,0.4333397,437.38684,185.74901,0.11473467,450.55273,183.64827,0.8956344,444.30356,185.19333,0.7464346,457.71805,180.54167,0.8576971,443.74033,184.42805,0.46760356,454.7151,176.46295,0.82185906,450.88742,176.18336,0.54965276,487.19528,184.96152,0.9482118,480.10913,186.63933,0.915905,476.1174,183.63321,0.9392481,469.66504,184.38422,0.8799922,501.49945,195.33482,0.92270327,494.88892,194.76157,0.86915314,1.08894781,-0.50185363,-0.61313102,0.74700778
78,2600.0,441.62012,180.50398,0.521859,439.18018,178.48387,0.32803303,439.79312,181.12167,0.3727046,436.15625,180.45258,0.36053115,436.9367,186.8663,0.41203785,449.7678,182.10677,0.9195973,443.28192,198.2478,0.92949325,463.14462,175.14883,0.8387346,457.30103,207.7826,0.8530079,460.25504,169.9161,0.7591018,463.94565,202.48991,0.7927012,498.06696,190.38306,0.9502125,494.3699,200.34447,0.95504576,510.87732,191.95415,0.915275,509.5052,199.67949,0.92290395,537.10803,197.82138,0.8674461,544.2523,202.30421,0.87772983,1.06099077,-0.48269329,-0.59495325,0.73398857
79,2633.3333333333335,6.4333653,140.25372,0.15122554,6.096513,138.05023,0.060334906,5.9750376,138.05075,0.14071763,2.6264572,140.17656,0.09418952,6.6262097,140.07672,0.3678738,3.9269419,154.32883,0.61508787,6.9824324,154.41406,0.7631457,15.268408,169.97113,0.37778068,19.002565,170.30734,0.7072273,22.85501,169.28181,0.33278278,25.65307,169.72739,0.5791197,5.7670445,191.30446,0.7804047,8.166519,191.74452,0.8430343,9.581013,214.15091,0.6584986,12.03563,214.33875,0.7579918,14.736404,234.75174,0.5563851,17.008495,235.04677,0.64384407,1.06069945,-0.53231367,-0.52568124,0.75192069
80,2666.6666666666665,442.7164,180.05698,0.64499223,440.3361,177.81856,0.42243263,440.37256,180.61981,0.47504032,438.2363,178.77477,0.41558325,436.995,185.7081,0.48481637,452.11572,179.6077,0.95509666,443.78177,196.8343,0.96175355,465.10712,173.76326,0.90327644,458.07822,209.51874,0.91499645,460.06445,171.01413,0.8432421,467.13583,208.2528,0.8706299,500.55658,187.90195,0.9735581,495.29254,198.46603,0.9764247,515.812,193.00504,0.942644,513.0133,202.0458,0.94905084,538.94946,195.6444,0.8912748,544.23364,201.51186,0.9012368,1.14308093,-0.56719532,-0.52912028,0.83961611
81,2700.0,441.65582,179.58994,0.6339569,439.486,177.2448,0.37639722,439.24146,180.04097,0.50055087,437.71136,178.14696,0.35744938,435.65482,185.0217,0.5298054,450.8881,179.97032,0.9438522,441.1509,196.05235,0.9680339,464.58353,178.85641,0.8749743,454.13907,210.0638,0.93636745,462.59515,179.29839,0.8143721,467.15698,208.75873,0.8964946,498.6825,186.68076,0.97154015,492.52914,197.67882,0.97945875,520.4984,190.70932,0.9387103,516.68304,202.24165,0.9565765,541.1464,192.21783,0.8882692,546.1981,202.94751,0.91145027,1.0979402,-0.55982596,-0.52027704,0.78827622
82,2733.3333333333335,438.57605,179.23099,0.67541695,436.5248,176.65819,0.42495188,436.11456,179.76529,0.54613954,435.4041,177.30115,0.38623685,432.9826,184.81741,0.5523034,449.1573,178.92117,0.94906443,438.6216,196.9165,0.97091234,464.19983,174.90399,0.8797192,452.6024,210.8809,0.93861437,460.6515,174.56,0.8206082,466.2342,208.73354,0.9000662,495.93573,186.62326,0.97363836,489.26102,198.3967,0.9809661,518.71313,190.72157,0.9443422,514.1526,203.444,0.96096957,540.10986,192.93584,0.89816743,544.5176,205.1348,0.91993475,1.0671139,-0.52862899,-0.51560978,0.7703441
83,2766.6666666666665,439.7474,181.54794,0.6748768,437.61252,178.9333,0.41954106,437.3975,181.84732,0.55777067,435.77298,178.73497,0.37893423,433.76135,185.85425,0.56943125,448.53998,179.84435,0.94729674,438.68622,196.54398,0.9710283,463.3587,178.44736,0.8726333,451.3076,210.6337,0.9386729,462.50647,179.89523,0.81090117,466.1962,208.96072,0.8985181,495.25665,186.03267,0.97245425,489.125,197.48746,0.98048055,518.893,191.05875,0.9425041,514.6768,203.63257,0.96029127,540.10236,192.74982,0.89651704,544.24316,204.95651,0.9191885,1.03775901,-0.44388131,-0.53133109,0.7730462
84,2800.0,439.7049,182.32144,0.6941118,437.4432,179.66788,0.44736928,437.3629,182.76848,0.5786405,435.38745,179.33058,0.39860967,433.82062,186.88872,0.5808579,447.70685,179.8139,0.9500214,439.1951,197.71896,0.971201,462.24814,175.13486,0.8769653,452.55188,210.94005,0.9362079,459.4988,174.28857,0.815255,466.43484,209.70267,0.8951039,493.5636,185.70122,0.97190565,488.2744,197.46878,0.97954065,516.3136,190.09048,0.9406396,513.0963,203.01001,0.957794,538.5626,190.67023,0.89399564,542.88275,203.09338,0.9155145,1.11456637,-0.44535518,-0.55049143,0.86074162
85,2833.3333333333335,438.09,183.72672,0.6598293,435.65253,181.08086,0.4216701,435.8673,184.08948,0.5271055,433.77664,180.35713,0.3937508,432.89102,187.7864,0.53487957,447.3207,180.47118,0.9477001,438.0105,197.0557,0.9650674,462.2799,177.66992,0.88070524,451.23535,210.33023,0.926945,461.16333,178.1216,0.82018316,466.67215,209.5048,0.88492,492.62384,186.62961,0.96931267,486.7846,197.65756,0.9760212,516.2889,191.28436,0.935049,512.64154,202.0144,0.95048153,538.44684,195.38324,0.88125664,541.98047,204.28833,0.9013641,1.14162145,-0.47606086,-0.57210823,0.86565453
86,2866.6666666666665,437.89014,183.2091,0.6588251,435.35327,180.37958,0.43262827,435.46515,183.78333,0.50817955,433.53925,179.63019,0.40251046,432.11908,187.97537,0.50306606,446.94928,179.2899,0.95273256,436.9423,197.95027,0.96030766,462.07437,172.20953,0.8994464,451.46155,210.20023,0.915833,457.78986,170.70897,0.84496754,465.82175,208.75055,0.8767169,489.83612,186.13791,0.9733899,483.35114,197.80582,0.9764323,513.4426,190.58755,0.9456959,508.59097,202.0312,0.95331764,538.10706,196.16814,0.8986332,538.9819,205.32393,0.90917236,1.11591511,-0.50701219,-0.56129983,0.82045577
87,2900.0,437.53607,182.77745,0.6319844,434.77396,180.09949,0.4195617,434.84613,183.30939,0.4554304,433.32727,179.74707,0.39952183,431.5444,187.94597,0.44765848,448.59955,178.93736,0.9507983,437.5158,198.14392,0.95027614,463.08398,170.59708,0.90633166,452.61707,210.8098,0.90040153,457.41293,169.10811,0.8536654,466.18848,208.27782,0.8639831,494.79855,187.76187,0.967449,487.31143,199.35107,0.96833515,519.28906,192.84761,0.9251094,512.7258,202.71571,0.92913747,539.698,198.78162,0.8511856,539.4949,204.66483,0.8587178,1.05328723,-0.50160799,-0.4389684,0.81554286
88,2933.333333333333,437.02612,182.64175,0.6380169,434.19006,180.05942,0.4305942,434.3129,183.02243,0.44745606,432.9971,179.57196,0.42071915,431.47412,187.41039,0.4400875,449.2774,178.55087,0.95471627,438.483,197.2385,0.95194435,462.27957,170.80536,0.91464347,452.7328,210.32309,0.9040768,456.8827,170.03302,0.8624955,466.5726,208.19484,0.8681528,498.80878,188.51926,0.9669677,491.38797,199.78824,0.9672491,523.7483,196.46259,0.91506255,517.43524,204.91629,0.9179895,541.2427,202.47707,0.81834346,541.68256,205.96329,0.82609963,1.08053021,-0.48637797,-0.50578396,0.821684
89,2966.666666666667,436.71478,181.0886,0.5819906,433.63007,177.88625,0.43852928,434.18744,181.017,0.37878558,431.13626,176.66676,0.44691744,430.74597,184.86185,0.33830962,447.31174,177.47987,0.9370431,438.70862,196.10999,0.8943951,461.15112,171.9478,0.8762905,453.63605,210.44803,0.77845746,457.60245,173.40013,0.81216866,466.0036,204.92947,0.7581181,494.20355,188.15968,0.9453138,488.38208,199.1088,0.9346195,517.371,193.85437,0.91124094,511.69394,201.2515,0.8995018,539.14417,201.30786,0.84750867,538.8139,204.0395,0.8402227,1.04425229,-0.48416716,-0.45395277,0.80620833
90,3000.0,435.77176,181.98659,0.5663881,432.8424,179.14334,0.35866478,433.14185,182.6188,0.3817824,430.79614,178.47429,0.3715599,429.5251,187.28358,0.39489186,445.29218,177.63548,0.9493577,435.0505,197.1053,0.94132435,459.3504,169.38078,0.91164184,452.00702,209.81516,0.88896483,455.0027,168.90857,0.86084765,463.65933,208.2993,0.85303754,487.57657,187.65526,0.9761361,480.32053,198.91673,0.9750752,511.2347,192.61845,0.95525074,503.2669,201.0761,0.9547944,535.9714,202.32239,0.9160717,532.0008,206.1493,0.91739273,1.03482389,-0.47507828,-0.4497768,0.80178671
91,3033.333333333333,435.41208,181.27222,0.5453138,432.34555,177.58197,0.4098986,432.7887,181.14934,0.34346387,429.48157,175.43483,0.41543353,428.6139,184.49184,0.29736727,444.54047,175.64178,0.92610323,436.23816,195.1532,0.8625863,459.74725,170.0751,0.8655136,452.8871,209.37773,0.72575223,456.12354,171.90253,0.8037057,463.28284,203.316,0.71781164,487.4658,184.95009,0.9478317,481.5648,196.10762,0.93324095,508.89023,192.46526,0.9332319,501.39777,200.78825,0.91853094,536.89197,203.22159,0.89321715,530.6754,207.26639,0.88224214,1.10025418,-0.53427883,-0.40629756,0.87179567
92,3066.666666666667,436.51172,183.17403,0.40414795,434.0219,180.51102,0.22583319,434.1682,183.66362,0.22928615,432.89117,180.0341,0.28640223,431.54608,187.96405,0.28573656,443.85947,178.34074,0.9321652,435.28525,195.8435,0.9147511,456.88898,169.8235,0.91141003,453.50385,205.78128,0.86527246,452.7764,167.11438,0.8523163,460.82843,204.48636,0.81416285,480.17508,186.79977,0.97860944,474.04117,197.41211,0.97503066,508.58044,191.05821,0.95755064,498.6438,199.66904,0.9520661,536.5333,199.58975,0.9202682,526.9908,204.22595,0.915542,1.02815285,-0.49202782,-0.33849942,0.83691401
93,3100.0,436.48245,183.40791,0.39024463,433.7378,180.71529,0.20536467,434.28546,184.01826,0.2163388,431.87628,180.02042,0.27442724,431.56454,188.20694,0.28946114,442.3191,178.21452,0.9401237,435.09915,195.6694,0.924702,456.8052,169.47855,0.9234462,453.03912,204.35358,0.8830953,453.50543,166.53777,0.8701216,459.764,202.14772,0.835902,478.43134,186.0333,0.9842764,473.5687,196.82036,0.9816049,506.01556,190.42392,0.9700057,499.23752,199.95609,0.9660779,535.6123,200.4544,0.94150424,529.4942,206.42256,0.9378692,1.03728597,-0.47655215,-0.35913363,0.84845935
94,3133.3333333333335,436.4808,183.93736,0.36169878,433.77832,181.34024,0.1892285,434.46286,184.3761,0.19365168,431.9013,180.41298,0.26646924,431.9417,187.9253,0.27154148,441.9645,178.54024,0.9366989,435.599,194.50244,0.9172494,456.90152,169.59369,0.92153525,452.63425,200.65784,0.8745554,453.6288,166.19104,0.86664903,456.19025,196.65613,0.82712716,477.93597,185.98074,0.983833,473.95563,196.15703,0.98073995,505.3519,192.01146,0.96959496,500.58026,201.00714,0.9650706,534.42975,201.85686,0.9399125,531.31274,207.71765,0.93566006,1.12443215,-0.46500682,-0.38787415,0.94745446
95,3166.6666666666665,436.44534,183.9239,0.35437283,433.5726,181.28534,0.17591035,434.38794,184.30685,0.19373986,431.3746,180.28195,0.24687932,431.84396,187.78595,0.28165904,441.39496,178.67279,0.932078,435.75864,193.78284,0.9213474,455.92642,170.22046,0.9158351,452.39404,198.72952,0.8862527,453.21274,166.93303,0.8627892,454.78384,193.30106,0.84248424,476.84354,186.66818,0.9836765,473.34308,196.34283,0.9818596,503.87738,190.63544,0.97113276,499.92117,198.64337,0.9690476,531.79584,203.47693,0.9446518,529.49664,208.08427,0.9433982,1.06935258,-0.4578831,-0.32965618,0.90839684
96,3200.0,436.52286,184.02695,0.3381487,433.55316,181.3476,0.16467516,434.47763,184.40918,0.18015406,431.1217,180.15262,0.23784417,431.6768,187.7153,0.27068838,441.23706,178.46883,0.93326366,435.00146,193.21596,0.91916865,455.70157,170.14542,0.9198501,451.09933,197.35342,0.88447213,452.78586,167.34802,0.8677914,453.18668,191.46391,0.8410057,476.24084,186.4417,0.9846169,472.58032,195.89001,0.9824395,501.98602,190.6774,0.97328985,499.18225,197.77786,0.9704122,531.41016,205.26082,0.9482025,531.10034,208.13763,0.94600666,1.07521927,-0.43970534,-0.29231807,0.93664606
97,3233.3333333333335,436.1489,184.06561,0.37595516,433.36584,181.32535,0.19342917,434.04712,184.46074,0.1992326,431.50797,180.02493,0.2681637,431.5022,187.80717,0.2779263,442.15216,178.15788,0.9422841,434.81497,194.24121,0.9259167,456.7033,169.31296,0.9282847,451.4863,200.74904,0.88707566,453.23795,167.39465,0.8789022,454.0173,196.87868,0.84368956,476.5105,187.28246,0.98513424,472.28522,197.04964,0.9824532,501.18222,190.76385,0.97326374,498.6572,197.54051,0.9693322,530.1047,206.39755,0.9468454,531.57916,208.32892,0.94345164,1.09469007,-0.4443726,-0.31614568,0.94917398
98,3266.6666666666665,435.95062,183.93474,0.43922076,433.25726,181.17691,0.23438363,433.75537,184.33884,0.24123763,431.467,179.88527,0.3003415,431.02658,187.75764,0.3110619,442.1273,178.12105,0.95347023,434.39075,194.8689,0.93965274,456.97186,169.0136,0.93797094,451.4384,202.54097,0.9004499,453.7503,167.37671,0.8920126,455.37515,199.8168,0.85807216,477.04022,187.50105,0.9867148,472.62155,197.5445,0.9842166,501.32364,191.15604,0.9745466,499.1029,197.9595,0.9705362,530.62646,207.02576,0.94682574,532.8351,208.57162,0.94313025,1.09908679,-0.47016537,-0.28519436,0.95163043
99,3300.0,435.15875,184.40106,0.48021197,432.63242,181.60368,0.273065,432.953,184.76985,0.26770517,431.4533,180.19835,0.3391508,430.80222,188.1612,0.32307404,442.39035,178.41264,0.9578545,434.9222,195.72116,0.9444206,456.65997,169.13934,0.9408563,451.84042,204.70853,0.90289056,453.5253,167.93266,0.8960897,456.77106,203.73637,0.86046106,477.9423,187.4859,0.986316,473.78308,197.71338,0.98365283,501.8965,190.96089,0.972926,500.6106,197.89651,0.96852255,529.7063,206.90736,0.94243634,533.4584,208.60919,0.9383769,1.08000816,-0.51266203,-0.24589109,0.91822265
100,3333.3333333333335,433.77744,184.71683,0.4910166,430.9685,181.67998,0.31430992,431.74402,185.22493,0.2935566,428.94455,179.39816,0.3828242,428.919,188.30441,0.3172271,441.85706,177.31044,0.95153445,434.2852,195.7283,0.9279965,457.08963,168.76926,0.92207146,449.56732,205.97758,0.8653022,454.98172,168.49153,0.87372714,456.6108,204.41168,0.82927716,480.07028,185.01123,0.9838119,475.29,195.5576,0.9807091,500.6706,193.55434,0.977344,498.64798,200.80493,0.9738549,531.1009,207.97055,0.95966893,533.69604,210.65399,0.9570848,1.06121616,-0.48441281,-0.31049584,0.89169295
101,3366.6666666666665,433.79202,184.81778,0.5030877,430.95056,181.70224,0.31780872,431.67313,185.32475,0.31171307,428.82007,179.24539,0.37730938,428.68555,188.35313,0.33631057,441.76678,177.16579,0.9504516,433.77222,195.8991,0.93222594,456.4196,169.1207,0.9179284,448.90253,207.26288,0.8725017,454.75604,169.73932,0.8686467,457.86603,207.38878,0.83514684,480.30362,185.3874,0.98309255,475.19806,196.14667,0.98069876,501.2606,193.19977,0.9762039,498.9532,200.52815,0.9736667,531.537,208.18901,0.95820874,534.00366,210.73209,0.9566912,1.09444703,-0.47728909,-0.34979911,0.92067911
102,3400.0,434.20355,184.94025,0.5154258,431.33902,181.74387,0.3326932,432.01282,185.48203,0.31091973,429.4003,179.02133,0.38649955,428.87164,188.37076,0.32373506,442.73578,176.37593,0.9548779,433.78455,195.7419,0.93163484,458.10983,167.87404,0.9285286,448.87277,207.03693,0.8716743,455.25763,168.81459,0.88386166,456.70862,205.92873,0.83847326,480.65378,184.84705,0.98453486,474.80994,195.78076,0.9813121,501.06644,192.87561,0.9776458,497.4275,200.5609,0.9737419,531.9752,208.24806,0.95919913,532.44794,210.85802,0.9560335,1.07335317,-0.4497768,-0.3313757,0.91650314
103,3433.333333333333,433.4676,185.65662,0.58236337,430.90112,182.59726,0.3953921,431.3648,186.10117,0.37178746,429.49072,179.83267,0.43985748,428.72363,188.64992,0.36789742,442.57446,177.3591,0.9631216,434.02826,195.86488,0.94643664,457.07693,169.70494,0.9351051,448.97125,208.22827,0.89126986,456.2983,171.00056,0.8913784,460.45367,210.93839,0.85507995,481.61963,185.22346,0.98584574,476.0049,195.96494,0.9833987,502.52466,194.29227,0.9774983,499.156,201.7674,0.9744444,532.39685,207.90727,0.95702386,533.4968,210.68158,0.9547387,1.06230707,-0.45714616,-0.32744537,0.90127312
104,3466.666666666667,433.4756,186.38618,0.62518626,430.94556,183.1411,0.43984327,431.18677,186.8377,0.40772337,429.77368,179.70209,0.46357888,428.1898,188.90746,0.38164425,442.9955,176.72217,0.9680084,433.40005,195.56682,0.9509244,457.86102,169.24965,0.9431079,448.36853,208.02823,0.8966841,457.061,171.48856,0.9033901,460.69672,211.06378,0.86286294,481.7746,184.61691,0.98691374,475.41016,195.50887,0.9841785,501.5025,194.35826,0.9783192,497.46982,201.92651,0.97445744,533.3808,208.33661,0.9569636,533.2791,210.59225,0.95358956,1.06429132,-0.46279601,-0.32253246,0.90250135
105,3500.0,432.75687,186.66435,0.61362135,430.11407,183.37975,0.43354514,430.4886,187.17514,0.39247945,428.91412,179.85672,0.4632911,427.63278,189.30182,0.3672034,442.50226,176.7008,0.9673824,433.018,195.85585,0.9473069,458.2005,168.6107,0.9431436,448.22235,207.8716,0.8898481,457.57065,170.79672,0.9035355,460.68768,210.54184,0.85639626,481.32413,184.18027,0.98659897,475.14096,195.17818,0.9833577,500.8458,194.15662,0.97804797,497.25824,201.78098,0.9734302,533.2844,208.13144,0.95653826,533.51697,210.20828,0.95232415,0.97938125,-0.45591794,-0.223783,0.8374053
106,3533.333333333333,432.69153,186.4603,0.637497,430.16754,183.2141,0.4564118,430.42407,186.93707,0.42182714,429.14243,179.8649,0.4746235,427.7056,189.1153,0.38819772,442.61108,176.96153,0.9680862,433.292,195.87157,0.95107716,458.02374,169.2073,0.94189644,448.8122,208.25412,0.89559466,457.59592,171.0842,0.9015928,461.7014,211.31087,0.8612848,481.54047,184.79115,0.9863697,475.26764,195.7077,0.9835871,501.7357,193.9057,0.9774179,497.07846,201.59697,0.97357357,533.6987,207.66214,0.95576775,532.38824,210.1682,0.95250916,1.03484572,-0.43037081,-0.31025019,0.88849955
107,3566.666666666667,432.65656,186.40756,0.66603816,430.1668,183.21024,0.47961542,430.3901,186.85739,0.45866978,429.2125,179.9059,0.48743805,427.8418,188.99289,0.42083946,442.86212,177.25946,0.96992683,433.46048,195.70277,0.9580909,457.91312,170.4895,0.94219416,448.24905,208.27164,0.9089142,458.1975,172.89761,0.9019453,462.433,211.48364,0.8745748,482.68484,185.06934,0.98651135,476.3189,195.93616,0.98460186,503.8293,194.41264,0.97611076,498.75018,202.22531,0.97355294,534.57983,207.19188,0.95187867,532.7417,210.05487,0.9501364,1.10786126,-0.46377859,-0.38025914,0.93148751
108,3600.0,433.14774,186.54395,0.6783975,430.6924,183.39691,0.48352128,430.94952,186.87009,0.48104146,429.6004,180.10535,0.48896083,428.53873,188.79385,0.44911885,443.17996,178.06601,0.9702285,433.98367,195.45245,0.96303713,457.54538,172.94421,0.9397614,447.6801,208.11218,0.9189713,458.9207,175.58711,0.898185,462.9485,211.49292,0.8840113,483.9883,186.154,0.9862185,477.87354,196.74191,0.9852246,505.63055,195.49985,0.9744712,501.13574,203.03548,0.9734674,535.22284,207.56165,0.9478263,534.37384,210.41298,0.94809455,1.09843816,-0.49595814,-0.38394382,0.90176441
109,3633.3333333333335,433.56622,185.92355,0.6553557,431.3539,183.0941,0.48862556,431.4582,186.19849,0.47990617,430.62808,179.61832,0.50813884,429.58505,187.25896,0.48023343,444.64883,177.09673,0.96577346,433.8633,194.42499,0.9594933,460.0266,171.07364,0.9226744,450.0104,206.79626,0.8939372,460.7397,174.56435,0.8656735,465.15466,210.61536,0.841364,486.4913,185.44017,0.9864573,479.95883,196.12695,0.9853056,507.6375,196.99728,0.9808235,501.39386,204.42004,0.97981447,537.35455,208.47894,0.962752,537.37616,211.5234,0.962683,1.07030334,-0.53648964,-0.31933907,0.86933921
